,x,y
0,0.8375,0.7458333333333333
1,0.8194444444444444,0.46875
2,0.7944444444444444,0.48541666666666666
3,0.7777777777777778,0.50625
4,0.7541666666666667,0.5166666666666667
5,0.7472222222222222,0.5229166666666667
6,0.7555555555555555,0.5104166666666666
7,0.7555555555555555,0.5104166666666666
8,0.7555555555555555,0.5104166666666666
9,0.7555555555555555,0.5104166666666666
10,0.7555555555555555,0.5104166666666666
11,0.7527777777777778,0.5020833333333333
12,0.7513888888888889,0.5020833333333333
13,0.75,0.5
14,0.75,0.5
15,0.7472222222222222,0.4979166666666667
16,0.7430555555555556,0.49583333333333335
17,0.7388888888888889,0.4979166666666667
18,0.7388888888888889,0.4979166666666667
19,0.7375,0.4979166666666667
20,0.7361111111111112,0.4979166666666667
21,0.7347222222222223,0.5020833333333333
22,0.7333333333333333,0.5041666666666667
23,0.7319444444444444,0.5104166666666666
24,0.7319444444444444,0.5104166666666666
25,0.7319444444444444,0.5104166666666666
26,0.7277777777777777,0.5104166666666666
27,0.7263888888888889,0.5125
28,0.725,0.5145833333333333
29,0.7208333333333333,0.5145833333333333
30,0.7166666666666667,0.5145833333333333
31,0.7138888888888889,0.5145833333333333
32,0.7111111111111111,0.5145833333333333
33,0.7083333333333334,0.5145833333333333
34,0.7055555555555556,0.5145833333333333
35,0.7,0.5145833333333333
36,0.6944444444444444,0.5166666666666667
37,0.6902777777777778,0.51875
38,0.6902777777777778,0.51875
39,0.6902777777777778,0.51875
40,0.6888888888888889,0.51875
41,0.6875,0.5208333333333334
42,0.6861111111111111,0.5208333333333334
43,0.6819444444444445,0.5208333333333334
44,0.6819444444444445,0.5229166666666667
45,0.6819444444444445,0.5229166666666667
46,0.6902777777777778,0.5145833333333333
47,0.6916666666666667,0.5125
48,0.6916666666666667,0.5125
49,0.6888888888888889,0.5125
50,0.6916666666666667,0.5145833333333333
51,0.6930555555555555,0.5145833333333333
52,0.6930555555555555,0.5145833333333333
53,0.6958333333333333,0.5166666666666667
54,0.6972222222222222,0.5166666666666667
55,0.6958333333333333,0.5166666666666667
56,0.6958333333333333,0.5166666666666667
57,0.6930555555555555,0.5166666666666667
58,0.6861111111111111,0.5166666666666667
59,0.6819444444444445,0.5125
60,0.6777777777777778,0.5104166666666666
61,0.6666666666666666,0.5104166666666666
62,0.6666666666666666,0.5104166666666666
63,0.6666666666666666,0.5104166666666666
64,0.6666666666666666,0.5104166666666666
65,0.6652777777777777,0.5104166666666666
66,0.6625,0.5145833333333333
67,0.6583333333333333,0.5208333333333334
68,0.6555555555555556,0.525
69,0.6527777777777778,0.5270833333333333
70,0.6513888888888889,0.5291666666666667
71,0.65,0.5291666666666667
72,0.65,0.5291666666666667
73,0.65,0.5291666666666667
74,0.65,0.5291666666666667
75,0.6486111111111111,0.53125
76,0.6486111111111111,0.53125
77,0.6486111111111111,0.53125
78,0.6486111111111111,0.53125
79,0.6513888888888889,0.5333333333333333
80,0.6513888888888889,0.5333333333333333
81,0.6513888888888889,0.5333333333333333
82,0.6513888888888889,0.5333333333333333
83,0.6513888888888889,0.5354166666666667
84,0.6513888888888889,0.5354166666666667
85,0.6513888888888889,0.5354166666666667
86,0.6513888888888889,0.5354166666666667
87,0.6513888888888889,0.5354166666666667
88,0.6513888888888889,0.5354166666666667
89,0.6513888888888889,0.5354166666666667
90,0.6513888888888889,0.5354166666666667
91,0.6513888888888889,0.5354166666666667
92,0.6513888888888889,0.5354166666666667
93,0.6513888888888889,0.5354166666666667
94,0.6513888888888889,0.5354166666666667
95,0.6513888888888889,0.5354166666666667
96,0.6513888888888889,0.5354166666666667
97,0.6513888888888889,0.5354166666666667
98,0.6513888888888889,0.5354166666666667
99,0.6513888888888889,0.5354166666666667
100,0.6513888888888889,0.5354166666666667
101,0.6513888888888889,0.5354166666666667
102,0.6513888888888889,0.5354166666666667
103,0.6513888888888889,0.5354166666666667
104,0.6527777777777778,0.5354166666666667
105,0.6541666666666667,0.5354166666666667
106,0.6555555555555556,0.5354166666666667
107,0.6569444444444444,0.5354166666666667
108,0.6583333333333333,0.5333333333333333
109,0.6597222222222222,0.5333333333333333
110,0.6597222222222222,0.53125
111,0.6597222222222222,0.53125
112,0.6597222222222222,0.53125
113,0.6597222222222222,0.53125
114,0.6597222222222222,0.53125
115,0.6597222222222222,0.53125
116,0.6583333333333333,0.53125
117,0.6569444444444444,0.53125
118,0.6569444444444444,0.53125
119,0.6569444444444444,0.53125
120,0.6569444444444444,0.53125
121,0.6569444444444444,0.53125
122,0.6555555555555556,0.53125
123,0.6541666666666667,0.53125
124,0.6541666666666667,0.53125
125,0.6541666666666667,0.53125
126,0.6541666666666667,0.53125
127,0.6541666666666667,0.53125
128,0.6541666666666667,0.53125
129,0.6541666666666667,0.5291666666666667
130,0.6555555555555556,0.5291666666666667
131,0.6569444444444444,0.5270833333333333
132,0.6569444444444444,0.5270833333333333
133,0.6583333333333333,0.5270833333333333
134,0.6583333333333333,0.525
135,0.6583333333333333,0.525
136,0.6583333333333333,0.525
137,0.6583333333333333,0.525
138,0.6583333333333333,0.525
139,0.6597222222222222,0.525
140,0.6597222222222222,0.5229166666666667
141,0.6611111111111111,0.5208333333333334
142,0.6625,0.5208333333333334
143,0.6638888888888889,0.5208333333333334
144,0.6666666666666666,0.5208333333333334
145,0.6680555555555555,0.5208333333333334
146,0.6694444444444444,0.5208333333333334
147,0.6722222222222223,0.5208333333333334
148,0.6736111111111112,0.5208333333333334
149,0.675,0.5208333333333334
150,0.675,0.5208333333333334
151,0.675,0.51875
152,0.675,0.51875
153,0.6791666666666667,0.51875
154,0.6791666666666667,0.51875
155,0.6819444444444445,0.51875
156,0.6861111111111111,0.51875
157,0.6875,0.51875
158,0.6875,0.51875
159,0.6888888888888889,0.51875
160,0.6888888888888889,0.51875
161,0.6902777777777778,0.51875
162,0.6902777777777778,0.51875
163,0.6916666666666667,0.51875
164,0.6916666666666667,0.51875
165,0.6916666666666667,0.51875
166,0.6916666666666667,0.51875
167,0.6930555555555555,0.51875
168,0.6930555555555555,0.51875
169,0.6944444444444444,0.51875
170,0.6944444444444444,0.51875
171,0.6944444444444444,0.51875
172,0.6944444444444444,0.51875
173,0.6958333333333333,0.51875
174,0.6958333333333333,0.51875
175,0.6972222222222222,0.51875
176,0.6986111111111111,0.51875
177,0.6986111111111111,0.51875
178,0.6986111111111111,0.51875
179,0.6986111111111111,0.51875
180,0.7,0.51875
181,0.7,0.51875
182,0.7013888888888888,0.51875
183,0.7013888888888888,0.5208333333333334
184,0.7027777777777777,0.5208333333333334
185,0.7041666666666667,0.5208333333333334
186,0.7041666666666667,0.5208333333333334
187,0.7041666666666667,0.5208333333333334
188,0.7041666666666667,0.5208333333333334
189,0.7041666666666667,0.5208333333333334
190,0.7041666666666667,0.5208333333333334
191,0.7041666666666667,0.5229166666666667
192,0.7041666666666667,0.5229166666666667
193,0.7041666666666667,0.5229166666666667
194,0.7041666666666667,0.525
195,0.7041666666666667,0.525
196,0.7041666666666667,0.525
197,0.7041666666666667,0.525
198,0.7041666666666667,0.525
199,0.7041666666666667,0.525
200,0.7041666666666667,0.525
201,0.7041666666666667,0.525
202,0.7041666666666667,0.5270833333333333
203,0.7041666666666667,0.5270833333333333
204,0.7041666666666667,0.5291666666666667
205,0.7027777777777777,0.5291666666666667
206,0.7027777777777777,0.5291666666666667
207,0.7027777777777777,0.5291666666666667
208,0.7027777777777777,0.5291666666666667
209,0.7027777777777777,0.5291666666666667
210,0.7013888888888888,0.5291666666666667
211,0.7013888888888888,0.5291666666666667
212,0.7,0.5291666666666667
213,0.7,0.5291666666666667
214,0.6986111111111111,0.5291666666666667
215,0.6972222222222222,0.5291666666666667
216,0.6958333333333333,0.5291666666666667
217,0.6958333333333333,0.5291666666666667
218,0.6944444444444444,0.5291666666666667
219,0.6944444444444444,0.5291666666666667
220,0.6944444444444444,0.5291666666666667
221,0.6930555555555555,0.5291666666666667
222,0.6930555555555555,0.5291666666666667
223,0.6916666666666667,0.5291666666666667
224,0.6902777777777778,0.5291666666666667
225,0.6902777777777778,0.5291666666666667
226,0.6902777777777778,0.5291666666666667
227,0.6902777777777778,0.5291666666666667
228,0.6888888888888889,0.5291666666666667
229,0.6875,0.5291666666666667
230,0.6861111111111111,0.5291666666666667
231,0.6861111111111111,0.5291666666666667
232,0.6861111111111111,0.5291666666666667
233,0.6861111111111111,0.5291666666666667
234,0.6861111111111111,0.5291666666666667
235,0.6861111111111111,0.5291666666666667
236,0.6861111111111111,0.5291666666666667
237,0.6861111111111111,0.5291666666666667
238,0.6861111111111111,0.5291666666666667
239,0.6861111111111111,0.5291666666666667
240,0.6861111111111111,0.5291666666666667
241,0.6847222222222222,0.5291666666666667
242,0.6847222222222222,0.5291666666666667
243,0.6833333333333333,0.5291666666666667
244,0.6819444444444445,0.5291666666666667
245,0.6819444444444445,0.5291666666666667
246,0.6819444444444445,0.5291666666666667
247,0.6819444444444445,0.5291666666666667
248,0.6819444444444445,0.5291666666666667
249,0.6819444444444445,0.5291666666666667
250,0.6819444444444445,0.5291666666666667
251,0.6819444444444445,0.5291666666666667
252,0.6805555555555556,0.5291666666666667
253,0.6805555555555556,0.5291666666666667
254,0.6805555555555556,0.5291666666666667
255,0.6805555555555556,0.5291666666666667
256,0.6805555555555556,0.5291666666666667
257,0.6805555555555556,0.5291666666666667
258,0.6805555555555556,0.5291666666666667
259,0.6791666666666667,0.5291666666666667
260,0.6777777777777778,0.5291666666666667
261,0.6763888888888889,0.5291666666666667
262,0.6763888888888889,0.5291666666666667
263,0.6763888888888889,0.5291666666666667
264,0.675,0.5291666666666667
265,0.675,0.5270833333333333
266,0.6736111111111112,0.5270833333333333
267,0.6708333333333333,0.525
268,0.6694444444444444,0.525
269,0.6694444444444444,0.525
270,0.6694444444444444,0.525
271,0.6694444444444444,0.525
272,0.6694444444444444,0.525
273,0.6680555555555555,0.525
274,0.6680555555555555,0.525
275,0.6680555555555555,0.525
276,0.6666666666666666,0.525
277,0.6666666666666666,0.525
278,0.6666666666666666,0.525
279,0.6666666666666666,0.525
280,0.6666666666666666,0.525
281,0.6666666666666666,0.525
282,0.6666666666666666,0.525
283,0.6666666666666666,0.525
284,0.6666666666666666,0.525
285,0.6666666666666666,0.525
286,0.6666666666666666,0.525
287,0.6666666666666666,0.5229166666666667
288,0.6666666666666666,0.5229166666666667
289,0.6666666666666666,0.5229166666666667
290,0.6666666666666666,0.5229166666666667
291,0.6652777777777777,0.5229166666666667
292,0.6652777777777777,0.5229166666666667
293,0.6652777777777777,0.5229166666666667
294,0.6638888888888889,0.5229166666666667
295,0.6638888888888889,0.5208333333333334
296,0.6638888888888889,0.5208333333333334
297,0.6638888888888889,0.5208333333333334
298,0.6638888888888889,0.5208333333333334
299,0.6638888888888889,0.5208333333333334
300,0.6638888888888889,0.5208333333333334
301,0.6638888888888889,0.5208333333333334
302,0.6625,0.5208333333333334
303,0.6625,0.5208333333333334
304,0.6625,0.5208333333333334
305,0.6625,0.5208333333333334
306,0.6625,0.5208333333333334
307,0.6625,0.5208333333333334
308,0.6625,0.5208333333333334
309,0.6625,0.5208333333333334
310,0.6625,0.5208333333333334
311,0.6625,0.5208333333333334
312,0.6625,0.5208333333333334
313,0.6611111111111111,0.5208333333333334
314,0.6611111111111111,0.5208333333333334
315,0.6611111111111111,0.5208333333333334
316,0.6611111111111111,0.5208333333333334
317,0.6611111111111111,0.5208333333333334
318,0.6611111111111111,0.5208333333333334
319,0.6611111111111111,0.5208333333333334
320,0.6611111111111111,0.5208333333333334
321,0.6611111111111111,0.5208333333333334
322,0.6611111111111111,0.5208333333333334
323,0.6611111111111111,0.5208333333333334
324,0.6611111111111111,0.5208333333333334
325,0.6611111111111111,0.5208333333333334
326,0.6611111111111111,0.5208333333333334
327,0.6611111111111111,0.5208333333333334
328,0.6611111111111111,0.5208333333333334
329,0.6611111111111111,0.5208333333333334
330,0.6611111111111111,0.5208333333333334
331,0.6611111111111111,0.5208333333333334
332,0.6611111111111111,0.5208333333333334
333,0.6611111111111111,0.5208333333333334
334,0.6611111111111111,0.5208333333333334
335,0.6611111111111111,0.5208333333333334
336,0.6611111111111111,0.5208333333333334
337,0.6611111111111111,0.5208333333333334
338,0.6597222222222222,0.5208333333333334
339,0.6583333333333333,0.5208333333333334
340,0.6583333333333333,0.5208333333333334
341,0.6583333333333333,0.5208333333333334
342,0.6569444444444444,0.5208333333333334
343,0.6569444444444444,0.5208333333333334
344,0.6569444444444444,0.5208333333333334
345,0.6569444444444444,0.5208333333333334
346,0.6569444444444444,0.5208333333333334
347,0.6555555555555556,0.5208333333333334
348,0.6555555555555556,0.5208333333333334
349,0.6555555555555556,0.51875
350,0.6555555555555556,0.51875
351,0.6555555555555556,0.51875
352,0.6555555555555556,0.51875
353,0.6555555555555556,0.51875
354,0.6555555555555556,0.5166666666666667
355,0.6555555555555556,0.5166666666666667
356,0.6569444444444444,0.5166666666666667
357,0.6583333333333333,0.5145833333333333
358,0.6611111111111111,0.5145833333333333
359,0.6638888888888889,0.5145833333333333
360,0.6638888888888889,0.5125
361,0.6652777777777777,0.5125
362,0.6666666666666666,0.5104166666666666
363,0.6666666666666666,0.5104166666666666
364,0.6680555555555555,0.5083333333333333
365,0.6680555555555555,0.5083333333333333
366,0.6694444444444444,0.5083333333333333
367,0.6722222222222223,0.5083333333333333
368,0.6736111111111112,0.5083333333333333
369,0.675,0.5083333333333333
370,0.675,0.5083333333333333
371,0.6763888888888889,0.5083333333333333
372,0.6777777777777778,0.5083333333333333
373,0.6791666666666667,0.5083333333333333
374,0.6791666666666667,0.5083333333333333
375,0.6791666666666667,0.5083333333333333
376,0.6791666666666667,0.5083333333333333
377,0.6791666666666667,0.5083333333333333
378,0.6791666666666667,0.5083333333333333
379,0.6791666666666667,0.5083333333333333
380,0.6791666666666667,0.5083333333333333
381,0.6791666666666667,0.50625
382,0.6763888888888889,0.50625
383,0.675,0.5041666666666667
384,0.6736111111111112,0.5041666666666667
385,0.6736111111111112,0.5041666666666667
386,0.6722222222222223,0.5041666666666667
387,0.6722222222222223,0.5020833333333333
388,0.6708333333333333,0.5020833333333333
389,0.6680555555555555,0.5020833333333333
390,0.6680555555555555,0.5020833333333333
391,0.6680555555555555,0.5020833333333333
392,0.6680555555555555,0.5020833333333333
393,0.6680555555555555,0.5020833333333333
394,0.6680555555555555,0.5020833333333333
395,0.6680555555555555,0.5020833333333333
396,0.6680555555555555,0.5020833333333333
397,0.6680555555555555,0.5020833333333333
398,0.6680555555555555,0.5020833333333333
399,0.6680555555555555,0.5020833333333333
400,0.6680555555555555,0.5020833333333333
401,0.6680555555555555,0.5020833333333333
402,0.6680555555555555,0.5020833333333333
403,0.6680555555555555,0.5020833333333333
404,0.6666666666666666,0.5020833333333333
405,0.6652777777777777,0.5020833333333333
406,0.6652777777777777,0.5020833333333333
407,0.6652777777777777,0.5020833333333333
408,0.6652777777777777,0.5020833333333333
409,0.6652777777777777,0.5041666666666667
410,0.6638888888888889,0.5041666666666667
411,0.6625,0.50625
412,0.6625,0.5083333333333333
413,0.6611111111111111,0.5083333333333333
414,0.6611111111111111,0.5104166666666666
415,0.6611111111111111,0.5104166666666666
416,0.6611111111111111,0.5104166666666666
417,0.6611111111111111,0.5104166666666666
418,0.6611111111111111,0.5104166666666666
419,0.6611111111111111,0.5104166666666666
420,0.6611111111111111,0.5104166666666666
421,0.6611111111111111,0.5104166666666666
422,0.6611111111111111,0.5125
423,0.6625,0.5125
424,0.6638888888888889,0.5125
425,0.6652777777777777,0.5125
426,0.6666666666666666,0.5125
427,0.6680555555555555,0.5125
428,0.6694444444444444,0.5125
429,0.6722222222222223,0.5125
430,0.6736111111111112,0.5125
431,0.675,0.5125
432,0.6763888888888889,0.5104166666666666
433,0.6777777777777778,0.5104166666666666
434,0.6791666666666667,0.5104166666666666
435,0.6791666666666667,0.5104166666666666
436,0.6791666666666667,0.5104166666666666
437,0.6805555555555556,0.5104166666666666
438,0.6819444444444445,0.5104166666666666
439,0.6833333333333333,0.5104166666666666
440,0.6847222222222222,0.5104166666666666
441,0.6847222222222222,0.5104166666666666
442,0.6861111111111111,0.5104166666666666
443,0.6875,0.5104166666666666
444,0.6888888888888889,0.5104166666666666
445,0.6888888888888889,0.5104166666666666
446,0.6930555555555555,0.5125
447,0.6930555555555555,0.5125
448,0.6944444444444444,0.5125
449,0.6958333333333333,0.5125
450,0.6972222222222222,0.5125
451,0.7,0.5125
452,0.7013888888888888,0.5125
453,0.7041666666666667,0.5125
454,0.7055555555555556,0.5125
455,0.7069444444444445,0.5125
456,0.7097222222222223,0.5125
457,0.7125,0.5125
458,0.7138888888888889,0.5125
459,0.7152777777777778,0.5125
460,0.7166666666666667,0.5125
461,0.7180555555555556,0.5125
462,0.7194444444444444,0.5125
463,0.7194444444444444,0.5125
464,0.7208333333333333,0.5125
465,0.7222222222222222,0.5125
466,0.7222222222222222,0.5125
467,0.7222222222222222,0.5125
468,0.7222222222222222,0.5125
469,0.7236111111111111,0.5125
470,0.7236111111111111,0.5125
471,0.7236111111111111,0.5125
472,0.7236111111111111,0.5125
473,0.7236111111111111,0.5125
474,0.7222222222222222,0.5125
475,0.7208333333333333,0.5125
476,0.7194444444444444,0.5125
477,0.7152777777777778,0.5125
478,0.7125,0.5125
479,0.7083333333333334,0.5125
480,0.7055555555555556,0.5125
481,0.7041666666666667,0.5125
482,0.7041666666666667,0.5125
483,0.7041666666666667,0.5125
484,0.7041666666666667,0.5125
485,0.7041666666666667,0.5125
486,0.7027777777777777,0.5125
487,0.7027777777777777,0.5125
488,0.7013888888888888,0.5125
489,0.7,0.5125
490,0.7,0.5125
491,0.7,0.5125
492,0.6986111111111111,0.5125
493,0.6986111111111111,0.5125
494,0.6972222222222222,0.5125
495,0.6958333333333333,0.5125
496,0.6958333333333333,0.5125
497,0.6958333333333333,0.5125
498,0.6944444444444444,0.5125
499,0.6944444444444444,0.5125
500,0.6930555555555555,0.5125
501,0.6930555555555555,0.5125
502,0.6930555555555555,0.5125
503,0.6930555555555555,0.5125
504,0.6930555555555555,0.5125
505,0.6930555555555555,0.5125
506,0.6930555555555555,0.5125
507,0.6944444444444444,0.5125
508,0.6958333333333333,0.5125
509,0.6972222222222222,0.5104166666666666
510,0.7,0.5104166666666666
511,0.7013888888888888,0.5104166666666666
512,0.7041666666666667,0.5083333333333333
513,0.7055555555555556,0.5083333333333333
514,0.7069444444444445,0.50625
515,0.7083333333333334,0.50625
516,0.7097222222222223,0.50625
517,0.7111111111111111,0.50625
518,0.7111111111111111,0.50625
519,0.7152777777777778,0.50625
520,0.7180555555555556,0.50625
521,0.7180555555555556,0.50625
522,0.7222222222222222,0.50625
523,0.7263888888888889,0.50625
524,0.7305555555555555,0.50625
525,0.7305555555555555,0.50625
526,0.7347222222222223,0.5041666666666667
527,0.7375,0.5041666666666667
528,0.7416666666666667,0.5041666666666667
529,0.7444444444444445,0.5041666666666667
530,0.7472222222222222,0.5041666666666667
531,0.75,0.5041666666666667
532,0.7527777777777778,0.5041666666666667
533,0.7541666666666667,0.5041666666666667
534,0.7555555555555555,0.5041666666666667
535,0.7569444444444444,0.5041666666666667
536,0.7569444444444444,0.5041666666666667
537,0.7583333333333333,0.5041666666666667
538,0.7597222222222222,0.5041666666666667
539,0.7611111111111111,0.5041666666666667
540,0.7638888888888888,0.5041666666666667
541,0.7652777777777777,0.5041666666666667
542,0.7680555555555556,0.5041666666666667
543,0.7680555555555556,0.5041666666666667
544,0.7694444444444445,0.5041666666666667
545,0.7694444444444445,0.5041666666666667
546,0.7694444444444445,0.5041666666666667
547,0.7694444444444445,0.5041666666666667
548,0.7694444444444445,0.5041666666666667
549,0.7694444444444445,0.5020833333333333
550,0.7708333333333334,0.5020833333333333
551,0.7708333333333334,0.5020833333333333
552,0.7708333333333334,0.5020833333333333
553,0.7708333333333334,0.5020833333333333
554,0.7708333333333334,0.5020833333333333
555,0.7708333333333334,0.5020833333333333
556,0.7708333333333334,0.5020833333333333
557,0.7708333333333334,0.5020833333333333
558,0.7708333333333334,0.5020833333333333
559,0.7708333333333334,0.5020833333333333
560,0.7708333333333334,0.5020833333333333
561,0.7722222222222223,0.5020833333333333
562,0.7722222222222223,0.5020833333333333
563,0.7722222222222223,0.5020833333333333
564,0.7722222222222223,0.5020833333333333
565,0.7722222222222223,0.5020833333333333
566,0.7736111111111111,0.5020833333333333
567,0.7736111111111111,0.5020833333333333
568,0.7736111111111111,0.5020833333333333
569,0.775,0.5020833333333333
570,0.775,0.5020833333333333
571,0.775,0.5020833333333333
572,0.7763888888888889,0.5020833333333333
573,0.7763888888888889,0.5
574,0.7777777777777778,0.5
575,0.7777777777777778,0.5
576,0.7777777777777778,0.5
577,0.7777777777777778,0.5
578,0.7791666666666667,0.5
579,0.7791666666666667,0.5
580,0.7805555555555556,0.5
581,0.7805555555555556,0.5
582,0.7805555555555556,0.5
583,0.7805555555555556,0.5
584,0.7805555555555556,0.5
585,0.7819444444444444,0.5
586,0.7819444444444444,0.5
587,0.7833333333333333,0.5
588,0.7833333333333333,0.5
589,0.7833333333333333,0.5
590,0.7833333333333333,0.5
591,0.7833333333333333,0.5
592,0.7833333333333333,0.5
593,0.7833333333333333,0.5
594,0.7833333333333333,0.5
595,0.7833333333333333,0.5
596,0.7833333333333333,0.5
597,0.7833333333333333,0.5
598,0.7833333333333333,0.5
599,0.7833333333333333,0.5
600,0.7819444444444444,0.5
601,0.7805555555555556,0.5
602,0.7777777777777778,0.5
603,0.7763888888888889,0.5
604,0.775,0.5
605,0.775,0.5
606,0.775,0.5
607,0.775,0.5
608,0.775,0.5
609,0.775,0.5
610,0.775,0.5
611,0.7736111111111111,0.5
612,0.7722222222222223,0.5
613,0.7708333333333334,0.5
614,0.7694444444444445,0.4979166666666667
615,0.7680555555555556,0.4979166666666667
616,0.7666666666666667,0.4979166666666667
617,0.7638888888888888,0.4979166666666667
618,0.7625,0.4979166666666667
619,0.7583333333333333,0.4979166666666667
620,0.7541666666666667,0.4979166666666667
621,0.75,0.4979166666666667
622,0.7472222222222222,0.4979166666666667
623,0.7472222222222222,0.4979166666666667
624,0.7472222222222222,0.4979166666666667
625,0.7472222222222222,0.4979166666666667
626,0.7472222222222222,0.4979166666666667
627,0.7458333333333333,0.4979166666666667
628,0.7458333333333333,0.4979166666666667
629,0.7444444444444445,0.4979166666666667
630,0.7430555555555556,0.4979166666666667
631,0.7416666666666667,0.4979166666666667
632,0.7416666666666667,0.5
633,0.7416666666666667,0.5
634,0.7416666666666667,0.5
635,0.7416666666666667,0.5
636,0.7402777777777778,0.5020833333333333
637,0.7402777777777778,0.5020833333333333
638,0.7388888888888889,0.5041666666666667
639,0.7388888888888889,0.5041666666666667
640,0.7388888888888889,0.5041666666666667
641,0.7375,0.5041666666666667
642,0.7361111111111112,0.50625
643,0.7347222222222223,0.50625
644,0.7333333333333333,0.5083333333333333
645,0.7319444444444444,0.5083333333333333
646,0.7319444444444444,0.5104166666666666
647,0.7305555555555555,0.5104166666666666
648,0.7291666666666666,0.5125
649,0.7277777777777777,0.5145833333333333
650,0.7277777777777777,0.5145833333333333
651,0.725,0.5166666666666667
652,0.725,0.5166666666666667
653,0.725,0.5166666666666667
654,0.725,0.5166666666666667
655,0.725,0.5166666666666667
656,0.725,0.5166666666666667
657,0.725,0.5166666666666667
658,0.725,0.5166666666666667
659,0.725,0.5166666666666667
660,0.725,0.5166666666666667
661,0.725,0.5166666666666667
662,0.725,0.5166666666666667
663,0.725,0.5166666666666667
664,0.725,0.5166666666666667
665,0.725,0.5166666666666667
666,0.725,0.5166666666666667
667,0.725,0.5166666666666667
668,0.725,0.5166666666666667
669,0.725,0.5166666666666667
670,0.725,0.5166666666666667
671,0.725,0.5166666666666667
672,0.725,0.5166666666666667
673,0.7236111111111111,0.5166666666666667
674,0.7236111111111111,0.5166666666666667
675,0.7236111111111111,0.5166666666666667
676,0.7236111111111111,0.5166666666666667
677,0.7236111111111111,0.5166666666666667
678,0.7222222222222222,0.5166666666666667
679,0.7208333333333333,0.5166666666666667
680,0.7208333333333333,0.5166666666666667
681,0.7194444444444444,0.5166666666666667
682,0.7194444444444444,0.5166666666666667
683,0.7194444444444444,0.5166666666666667
684,0.7180555555555556,0.5166666666666667
685,0.7166666666666667,0.5166666666666667
686,0.7138888888888889,0.5166666666666667
687,0.7111111111111111,0.5166666666666667
688,0.7083333333333334,0.5166666666666667
689,0.7069444444444445,0.5166666666666667
690,0.7041666666666667,0.5166666666666667
691,0.7027777777777777,0.5166666666666667
692,0.7013888888888888,0.5166666666666667
693,0.7,0.5166666666666667
694,0.7,0.5166666666666667
695,0.6986111111111111,0.5166666666666667
696,0.6972222222222222,0.51875
697,0.6958333333333333,0.51875
698,0.6944444444444444,0.51875
699,0.6930555555555555,0.51875
700,0.6916666666666667,0.51875
701,0.6875,0.5208333333333334
702,0.6875,0.5208333333333334
703,0.6875,0.5208333333333334
704,0.6888888888888889,0.5208333333333334
705,0.6958333333333333,0.51875
706,0.7027777777777777,0.5145833333333333
707,0.7055555555555556,0.5125
708,0.7069444444444445,0.5125
709,0.7069444444444445,0.5104166666666666
710,0.7055555555555556,0.5104166666666666
711,0.7041666666666667,0.5083333333333333
712,0.6986111111111111,0.5041666666666667
713,0.6930555555555555,0.5041666666666667
714,0.6791666666666667,0.5041666666666667
715,0.6763888888888889,0.50625
716,0.6763888888888889,0.50625
717,0.6763888888888889,0.50625
718,0.6763888888888889,0.50625
719,0.6763888888888889,0.50625
720,0.6763888888888889,0.50625
721,0.6763888888888889,0.50625
722,0.6763888888888889,0.50625
723,0.6763888888888889,0.50625
724,0.6763888888888889,0.50625
725,0.6763888888888889,0.50625
726,0.6763888888888889,0.50625
727,0.6763888888888889,0.50625
728,0.6763888888888889,0.50625
729,0.6763888888888889,0.50625
730,0.6763888888888889,0.50625
731,0.6763888888888889,0.50625
732,0.6763888888888889,0.50625
733,0.675,0.50625
734,0.675,0.50625
735,0.6736111111111112,0.50625
736,0.6722222222222223,0.50625
737,0.6680555555555555,0.50625
738,0.6666666666666666,0.50625
739,0.6652777777777777,0.5083333333333333
740,0.6652777777777777,0.5083333333333333
741,0.6625,0.5083333333333333
742,0.6569444444444444,0.5083333333333333
743,0.6513888888888889,0.5083333333333333
744,0.6458333333333334,0.5083333333333333
745,0.6402777777777777,0.5083333333333333
746,0.6361111111111111,0.5083333333333333
747,0.6305555555555555,0.5083333333333333
748,0.6263888888888889,0.5083333333333333
749,0.6194444444444445,0.5083333333333333
750,0.6152777777777778,0.5083333333333333
751,0.6138888888888889,0.5083333333333333
752,0.6111111111111112,0.5083333333333333
753,0.6097222222222223,0.5083333333333333
754,0.6083333333333333,0.5083333333333333
755,0.6055555555555555,0.5104166666666666
756,0.6,0.5104166666666666
757,0.5972222222222222,0.5104166666666666
758,0.5944444444444444,0.5125
759,0.5902777777777778,0.5125
760,0.5875,0.5125
761,0.5833333333333334,0.5145833333333333
762,0.5791666666666667,0.5145833333333333
763,0.5763888888888888,0.5166666666666667
764,0.5722222222222222,0.51875
765,0.5694444444444444,0.5208333333333334
766,0.5652777777777778,0.5229166666666667
767,0.5597222222222222,0.5229166666666667
768,0.5555555555555556,0.5229166666666667
769,0.5527777777777778,0.525
770,0.5527777777777778,0.525
771,0.5416666666666666,0.525
772,0.5125,0.53125
773,0.5,0.5333333333333333
774,0.49166666666666664,0.5333333333333333
775,0.48333333333333334,0.5333333333333333
776,0.4791666666666667,0.5333333333333333
777,0.46805555555555556,0.5333333333333333
778,0.45694444444444443,0.5333333333333333
779,0.4444444444444444,0.5333333333333333
780,0.4263888888888889,0.5333333333333333
781,0.4083333333333333,0.5354166666666667
782,0.3861111111111111,0.5354166666666667
783,0.37083333333333335,0.5375
784,0.36666666666666664,0.5375
785,0.35694444444444445,0.5375
786,0.3388888888888889,0.5395833333333333
787,0.3236111111111111,0.5416666666666666
788,0.31805555555555554,0.5416666666666666
789,0.31527777777777777,0.54375
790,0.3111111111111111,0.54375
791,0.3111111111111111,0.54375
792,0.3111111111111111,0.54375
793,0.3111111111111111,0.54375
794,0.30833333333333335,0.54375
795,0.30694444444444446,0.54375
796,0.30694444444444446,0.54375
797,0.2986111111111111,0.55
798,0.2916666666666667,0.5520833333333334
799,0.2847222222222222,0.5541666666666667
800,0.2708333333333333,0.5583333333333333
801,0.25833333333333336,0.5604166666666667
802,0.24861111111111112,0.5625
803,0.23194444444444445,0.56875
804,0.22361111111111112,0.56875
805,0.21805555555555556,0.56875
806,0.20277777777777778,0.5708333333333333
807,0.19444444444444445,0.5708333333333333
808,0.1875,0.5708333333333333
809,0.18055555555555555,0.5708333333333333
810,0.17222222222222222,0.5708333333333333
811,0.16111111111111112,0.56875
812,0.14444444444444443,0.5583333333333333
813,0.13194444444444445,0.55
814,0.12083333333333333,0.5375
815,0.1125,0.5270833333333333
816,0.10833333333333334,0.5229166666666667
817,0.10138888888888889,0.5145833333333333
818,0.09583333333333334,0.5125
819,0.08472222222222223,0.5083333333333333
820,0.07916666666666666,0.5083333333333333
821,0.075,0.5083333333333333
822,0.075,0.5083333333333333
823,0.075,0.5083333333333333
824,0.075,0.5083333333333333
825,0.075,0.5083333333333333
826,0.07777777777777778,0.5083333333333333
827,0.08472222222222223,0.5083333333333333
828,0.08472222222222223,0.5083333333333333
829,0.08472222222222223,0.5083333333333333
830,0.08472222222222223,0.5083333333333333
831,0.08472222222222223,0.5083333333333333
832,0.08472222222222223,0.5083333333333333
833,0.08472222222222223,0.5083333333333333
834,0.08472222222222223,0.5083333333333333
835,0.08472222222222223,0.5083333333333333
836,0.08472222222222223,0.5083333333333333
837,0.08472222222222223,0.5083333333333333
838,0.08472222222222223,0.5083333333333333
839,0.08472222222222223,0.5083333333333333
840,0.08472222222222223,0.5083333333333333
841,0.08472222222222223,0.5083333333333333
842,0.08472222222222223,0.5083333333333333
843,0.08472222222222223,0.5083333333333333
844,0.08472222222222223,0.5083333333333333
845,0.08333333333333333,0.5083333333333333
846,0.08333333333333333,0.5083333333333333
847,0.08194444444444444,0.5083333333333333
848,0.08194444444444444,0.5104166666666666
849,0.08194444444444444,0.5104166666666666
850,0.08055555555555556,0.5104166666666666
851,0.08055555555555556,0.5125
852,0.08055555555555556,0.5125
853,0.07916666666666666,0.5125
854,0.07916666666666666,0.5125
855,0.07916666666666666,0.5125
856,0.07916666666666666,0.5125
857,0.07916666666666666,0.5125
858,0.07916666666666666,0.5125
859,0.07916666666666666,0.5125
860,0.07916666666666666,0.5125
861,0.07916666666666666,0.5125
862,0.07916666666666666,0.5145833333333333
863,0.07916666666666666,0.5145833333333333
864,0.08055555555555556,0.5145833333333333
865,0.08194444444444444,0.5145833333333333
866,0.08194444444444444,0.5145833333333333
867,0.08333333333333333,0.5145833333333333
868,0.08472222222222223,0.5145833333333333
869,0.08472222222222223,0.5145833333333333
870,0.08472222222222223,0.5145833333333333
871,0.08472222222222223,0.5145833333333333
872,0.08611111111111111,0.5145833333333333
873,0.0875,0.5145833333333333
874,0.09027777777777778,0.5145833333333333
875,0.09166666666666666,0.5145833333333333
876,0.09444444444444444,0.5145833333333333
877,0.09583333333333334,0.5145833333333333
878,0.1,0.5145833333333333
879,0.10277777777777777,0.5145833333333333
880,0.10416666666666667,0.5145833333333333
881,0.10416666666666667,0.5145833333333333
882,0.10416666666666667,0.5145833333333333
883,0.10416666666666667,0.5145833333333333
884,0.10416666666666667,0.5145833333333333
885,0.10416666666666667,0.5145833333333333
886,0.10555555555555556,0.5145833333333333
887,0.10555555555555556,0.5145833333333333
888,0.10555555555555556,0.5145833333333333
889,0.10555555555555556,0.5145833333333333
890,0.10555555555555556,0.5166666666666667
891,0.10694444444444444,0.5166666666666667
892,0.10694444444444444,0.5166666666666667
893,0.10694444444444444,0.5166666666666667
894,0.10833333333333334,0.5166666666666667
895,0.10972222222222222,0.5166666666666667
896,0.1111111111111111,0.5166666666666667
897,0.1111111111111111,0.5166666666666667
898,0.1111111111111111,0.5166666666666667
899,0.1125,0.5166666666666667
900,0.11388888888888889,0.5166666666666667
901,0.11388888888888889,0.5166666666666667
902,0.11527777777777778,0.51875
903,0.11666666666666667,0.51875
904,0.11666666666666667,0.51875
905,0.11666666666666667,0.51875
906,0.11805555555555555,0.51875
907,0.11805555555555555,0.51875
908,0.11944444444444445,0.51875
909,0.12083333333333333,0.51875
910,0.12083333333333333,0.51875
911,0.12083333333333333,0.5208333333333334
912,0.12222222222222222,0.5208333333333334
913,0.12222222222222222,0.5208333333333334
914,0.12222222222222222,0.5208333333333334
915,0.12361111111111112,0.5208333333333334
916,0.12361111111111112,0.5208333333333334
917,0.12361111111111112,0.5208333333333334
918,0.12361111111111112,0.5208333333333334
919,0.12361111111111112,0.5208333333333334
920,0.12361111111111112,0.5208333333333334
921,0.12361111111111112,0.5208333333333334
922,0.12361111111111112,0.5208333333333334
923,0.12361111111111112,0.5208333333333334
924,0.125,0.5208333333333334
925,0.125,0.5208333333333334
926,0.12638888888888888,0.5208333333333334
927,0.12638888888888888,0.5208333333333334
928,0.12777777777777777,0.5208333333333334
929,0.12777777777777777,0.5208333333333334
930,0.12916666666666668,0.5208333333333334
931,0.12916666666666668,0.5208333333333334
932,0.12916666666666668,0.5208333333333334
933,0.12916666666666668,0.5208333333333334
934,0.12916666666666668,0.5208333333333334
935,0.13055555555555556,0.5208333333333334
936,0.13194444444444445,0.5208333333333334
937,0.13333333333333333,0.5208333333333334
938,0.13472222222222222,0.5208333333333334
939,0.13472222222222222,0.5208333333333334
940,0.1375,0.5208333333333334
941,0.1388888888888889,0.5208333333333334
942,0.14166666666666666,0.5208333333333334
943,0.14305555555555555,0.5208333333333334
944,0.14444444444444443,0.5208333333333334
945,0.14722222222222223,0.5208333333333334
946,0.1486111111111111,0.5208333333333334
947,0.1527777777777778,0.5208333333333334
948,0.15555555555555556,0.5208333333333334
949,0.1597222222222222,0.5208333333333334
950,0.1638888888888889,0.5208333333333334
951,0.16805555555555557,0.5208333333333334
952,0.17222222222222222,0.5208333333333334
953,0.17916666666666667,0.5208333333333334
954,0.1875,0.5208333333333334
955,0.19444444444444445,0.51875
956,0.19444444444444445,0.51875
957,0.1986111111111111,0.5166666666666667
958,0.20416666666666666,0.5145833333333333
959,0.2125,0.5145833333333333
960,0.2263888888888889,0.5125
961,0.24305555555555555,0.5125
962,0.25416666666666665,0.5104166666666666
963,0.2611111111111111,0.5083333333333333
964,0.26944444444444443,0.5083333333333333
965,0.2833333333333333,0.5083333333333333
966,0.30277777777777776,0.5083333333333333
967,0.31805555555555554,0.5104166666666666
968,0.325,0.5104166666666666
969,0.32916666666666666,0.5104166666666666
970,0.3333333333333333,0.5104166666666666
971,0.3347222222222222,0.5104166666666666
972,0.3375,0.5104166666666666
973,0.3388888888888889,0.5104166666666666
974,0.3416666666666667,0.5104166666666666
975,0.34305555555555556,0.5104166666666666
976,0.3472222222222222,0.5104166666666666
977,0.35555555555555557,0.5104166666666666
978,0.37222222222222223,0.5145833333333333
979,0.3875,0.51875
980,0.39444444444444443,0.51875
981,0.3972222222222222,0.51875
982,0.39861111111111114,0.51875
983,0.39861111111111114,0.51875
984,0.39861111111111114,0.51875
985,0.39861111111111114,0.51875
986,0.4,0.51875
987,0.4013888888888889,0.51875
988,0.4027777777777778,0.51875
989,0.40555555555555556,0.51875
990,0.4083333333333333,0.51875
991,0.4097222222222222,0.5166666666666667
992,0.4125,0.5166666666666667
993,0.4125,0.5166666666666667
994,0.4152777777777778,0.5145833333333333
995,0.4166666666666667,0.5145833333333333
996,0.41805555555555557,0.5145833333333333
997,0.41805555555555557,0.5145833333333333
998,0.41805555555555557,0.5145833333333333
999,0.41805555555555557,0.5145833333333333
1000,0.41805555555555557,0.5145833333333333
1001,0.41805555555555557,0.5145833333333333
1002,0.41944444444444445,0.5145833333333333
1003,0.42083333333333334,0.5145833333333333
1004,0.4236111111111111,0.5125
1005,0.4263888888888889,0.5125
1006,0.42916666666666664,0.5104166666666666
1007,0.43333333333333335,0.5083333333333333
1008,0.4361111111111111,0.5083333333333333
1009,0.44027777777777777,0.5041666666666667
1010,0.4444444444444444,0.5041666666666667
1011,0.4486111111111111,0.5020833333333333
1012,0.4527777777777778,0.5020833333333333
1013,0.45555555555555555,0.5020833333333333
1014,0.46111111111111114,0.5
1015,0.46944444444444444,0.5
1016,0.475,0.5
1017,0.48055555555555557,0.4979166666666667
1018,0.4847222222222222,0.4979166666666667
1019,0.4875,0.49583333333333335
1020,0.49027777777777776,0.49583333333333335
1021,0.49444444444444446,0.49583333333333335
1022,0.5,0.49583333333333335
1023,0.5,0.49583333333333335
1024,0.5069444444444444,0.49583333333333335
1025,0.5069444444444444,0.49583333333333335
1026,0.5111111111111111,0.49375
1027,0.5111111111111111,0.49375
1028,0.5125,0.49375
1029,0.5152777777777777,0.49375
1030,0.5180555555555556,0.49375
1031,0.5208333333333334,0.49375
1032,0.5222222222222223,0.49166666666666664
1033,0.525,0.49166666666666664
1034,0.5291666666666667,0.49166666666666664
1035,0.5305555555555556,0.49166666666666664
1036,0.5333333333333333,0.49166666666666664
1037,0.5347222222222222,0.49166666666666664
1038,0.5361111111111111,0.49166666666666664
1039,0.5375,0.4895833333333333
1040,0.5416666666666666,0.4895833333333333
1041,0.5444444444444444,0.4875
1042,0.5486111111111112,0.4875
1043,0.5555555555555556,0.4875
1044,0.5625,0.4875
1045,0.5708333333333333,0.4875
1046,0.5763888888888888,0.4875
1047,0.5805555555555556,0.4875
1048,0.5833333333333334,0.4875
1049,0.5875,0.4875
1050,0.5902777777777778,0.4875
1051,0.5916666666666667,0.4875
1052,0.5944444444444444,0.4875
1053,0.5958333333333333,0.4875
1054,0.6,0.4875
1055,0.6027777777777777,0.4875
1056,0.6069444444444444,0.4875
1057,0.6111111111111112,0.4895833333333333
1058,0.6166666666666667,0.4895833333333333
1059,0.6194444444444445,0.4895833333333333
1060,0.6236111111111111,0.4895833333333333
1061,0.6277777777777778,0.49166666666666664
1062,0.6347222222222222,0.49375
1063,0.6416666666666667,0.49583333333333335
1064,0.6472222222222223,0.49583333333333335
1065,0.6513888888888889,0.4979166666666667
1066,0.6555555555555556,0.4979166666666667
1067,0.6611111111111111,0.5
1068,0.6680555555555555,0.5020833333333333
1069,0.6763888888888889,0.5020833333333333
1070,0.6833333333333333,0.5041666666666667
1071,0.6888888888888889,0.5041666666666667
1072,0.6944444444444444,0.50625
1073,0.7013888888888888,0.50625
1074,0.7055555555555556,0.5083333333333333
1075,0.7125,0.5083333333333333
1076,0.7180555555555556,0.5104166666666666
1077,0.7208333333333333,0.5104166666666666
1078,0.725,0.5104166666666666
1079,0.7263888888888889,0.5104166666666666
1080,0.7291666666666666,0.5125
1081,0.7347222222222223,0.5125
1082,0.7347222222222223,0.5125
1083,0.7388888888888889,0.5145833333333333
1084,0.7416666666666667,0.5145833333333333
1085,0.7458333333333333,0.5145833333333333
1086,0.7513888888888889,0.5166666666666667
1087,0.7513888888888889,0.5166666666666667
1088,0.7555555555555555,0.5166666666666667
1089,0.7597222222222222,0.5166666666666667
1090,0.7625,0.51875
1091,0.7652777777777777,0.51875
1092,0.7680555555555556,0.51875
1093,0.7694444444444445,0.51875
1094,0.7722222222222223,0.51875
1095,0.775,0.51875
1096,0.7763888888888889,0.51875
1097,0.7791666666666667,0.51875
1098,0.7805555555555556,0.51875
1099,0.7847222222222222,0.51875
1100,0.7888888888888889,0.5166666666666667
1101,0.7944444444444444,0.5166666666666667
1102,0.7986111111111112,0.5145833333333333
1103,0.8027777777777778,0.5125
1104,0.8069444444444445,0.5125
1105,0.8083333333333333,0.5104166666666666
1106,0.8111111111111111,0.5104166666666666
1107,0.8125,0.5104166666666666
1108,0.8138888888888889,0.5083333333333333
1109,0.8166666666666667,0.5083333333333333
1110,0.8194444444444444,0.5083333333333333
1111,0.8222222222222222,0.50625
1112,0.8236111111111111,0.50625
1113,0.8263888888888888,0.50625
1114,0.8277777777777777,0.50625
1115,0.8291666666666667,0.50625
1116,0.8305555555555556,0.50625
1117,0.8305555555555556,0.50625
1118,0.8305555555555556,0.50625
1119,0.8305555555555556,0.50625
1120,0.8305555555555556,0.50625
1121,0.8305555555555556,0.50625
1122,0.8305555555555556,0.50625
1123,0.8305555555555556,0.50625
1124,0.8305555555555556,0.50625
1125,0.8305555555555556,0.50625
1126,0.8305555555555556,0.50625
1127,0.8305555555555556,0.50625
1128,0.8305555555555556,0.50625
1129,0.8305555555555556,0.50625
1130,0.8305555555555556,0.50625
1131,0.8291666666666667,0.50625
1132,0.8277777777777777,0.50625
1133,0.8263888888888888,0.50625
1134,0.8263888888888888,0.50625
1135,0.8263888888888888,0.50625
1136,0.8263888888888888,0.50625
1137,0.825,0.50625
1138,0.825,0.50625
1139,0.8236111111111111,0.50625
1140,0.8222222222222222,0.50625
1141,0.8222222222222222,0.5083333333333333
1142,0.8208333333333333,0.5083333333333333
1143,0.8194444444444444,0.5083333333333333
1144,0.8194444444444444,0.5083333333333333
1145,0.8194444444444444,0.5083333333333333
1146,0.8180555555555555,0.5083333333333333
1147,0.8180555555555555,0.5083333333333333
1148,0.8166666666666667,0.5083333333333333
1149,0.8166666666666667,0.5083333333333333
1150,0.8166666666666667,0.5083333333333333
1151,0.8152777777777778,0.5083333333333333
1152,0.8152777777777778,0.5083333333333333
1153,0.8152777777777778,0.5083333333333333
1154,0.8152777777777778,0.5083333333333333
1155,0.8138888888888889,0.5083333333333333
1156,0.8125,0.5083333333333333
1157,0.8111111111111111,0.5083333333333333
1158,0.8097222222222222,0.5083333333333333
1159,0.8097222222222222,0.5083333333333333
1160,0.8083333333333333,0.5083333333333333
1161,0.8069444444444445,0.5083333333333333
1162,0.8055555555555556,0.5083333333333333
1163,0.8041666666666667,0.5083333333333333
1164,0.8041666666666667,0.5083333333333333
1165,0.8041666666666667,0.5083333333333333
1166,0.8041666666666667,0.5083333333333333
1167,0.8041666666666667,0.5083333333333333
1168,0.8041666666666667,0.5083333333333333
1169,0.8041666666666667,0.5083333333333333
1170,0.8041666666666667,0.5083333333333333
1171,0.8027777777777778,0.5083333333333333
1172,0.8027777777777778,0.5083333333333333
1173,0.8027777777777778,0.5083333333333333
1174,0.8027777777777778,0.5083333333333333
1175,0.8027777777777778,0.5083333333333333
1176,0.8027777777777778,0.5083333333333333
1177,0.8027777777777778,0.5083333333333333
1178,0.8013888888888889,0.5083333333333333
1179,0.8013888888888889,0.5083333333333333
1180,0.8013888888888889,0.5083333333333333
1181,0.8013888888888889,0.5083333333333333
1182,0.8,0.5083333333333333
1183,0.8,0.5083333333333333
1184,0.7986111111111112,0.5083333333333333
1185,0.7986111111111112,0.5083333333333333
1186,0.7972222222222223,0.5083333333333333
1187,0.7972222222222223,0.5083333333333333
1188,0.7972222222222223,0.5083333333333333
1189,0.7958333333333333,0.5083333333333333
1190,0.7958333333333333,0.5083333333333333
1191,0.7944444444444444,0.5083333333333333
1192,0.7944444444444444,0.5083333333333333
1193,0.7944444444444444,0.5083333333333333
1194,0.7930555555555555,0.5083333333333333
1195,0.7930555555555555,0.5083333333333333
1196,0.7916666666666666,0.5083333333333333
1197,0.7902777777777777,0.5083333333333333
1198,0.7902777777777777,0.5083333333333333
1199,0.7875,0.5083333333333333
1200,0.7875,0.5083333333333333
1201,0.7875,0.5083333333333333
1202,0.7875,0.5083333333333333
1203,0.7875,0.5083333333333333
1204,0.7875,0.5083333333333333
1205,0.7875,0.5083333333333333
1206,0.7875,0.5083333333333333
1207,0.7875,0.5083333333333333
1208,0.7875,0.5083333333333333
1209,0.7875,0.5083333333333333
1210,0.7875,0.5083333333333333
1211,0.7875,0.5083333333333333
1212,0.7875,0.5083333333333333
1213,0.7875,0.5083333333333333
1214,0.7875,0.5083333333333333
1215,0.7875,0.5083333333333333
1216,0.7888888888888889,0.5083333333333333
1217,0.7888888888888889,0.50625
1218,0.7916666666666666,0.50625
1219,0.7930555555555555,0.5041666666666667
1220,0.7944444444444444,0.5041666666666667
1221,0.7958333333333333,0.5041666666666667
1222,0.7958333333333333,0.5041666666666667
1223,0.7958333333333333,0.5020833333333333
1224,0.7972222222222223,0.5020833333333333
1225,0.7972222222222223,0.5020833333333333
1226,0.7986111111111112,0.5020833333333333
1227,0.8,0.5020833333333333
1228,0.8013888888888889,0.5020833333333333
1229,0.8013888888888889,0.5020833333333333
1230,0.8013888888888889,0.5020833333333333
1231,0.8013888888888889,0.5
1232,0.8027777777777778,0.5
1233,0.8041666666666667,0.5
1234,0.8041666666666667,0.5
1235,0.8041666666666667,0.5
1236,0.8041666666666667,0.5
1237,0.8041666666666667,0.5
1238,0.8041666666666667,0.5
1239,0.8055555555555556,0.5
1240,0.8055555555555556,0.5
1241,0.8055555555555556,0.5
1242,0.8055555555555556,0.5
1243,0.8069444444444445,0.5
1244,0.8069444444444445,0.5
1245,0.8069444444444445,0.5
1246,0.8069444444444445,0.5
1247,0.8069444444444445,0.5
1248,0.8069444444444445,0.5
1249,0.8069444444444445,0.5
1250,0.8069444444444445,0.5
1251,0.8069444444444445,0.5
1252,0.8069444444444445,0.5
1253,0.8069444444444445,0.5
1254,0.8069444444444445,0.5
1255,0.8069444444444445,0.5
1256,0.8069444444444445,0.5
1257,0.8083333333333333,0.5
1258,0.8083333333333333,0.5
1259,0.8083333333333333,0.5
1260,0.8083333333333333,0.5
1261,0.8083333333333333,0.5
1262,0.8083333333333333,0.5
1263,0.8083333333333333,0.5
1264,0.8083333333333333,0.5
1265,0.8083333333333333,0.5
1266,0.8083333333333333,0.5
1267,0.8083333333333333,0.5
1268,0.8083333333333333,0.5
1269,0.8083333333333333,0.5
1270,0.8083333333333333,0.5
1271,0.8083333333333333,0.5
1272,0.8083333333333333,0.5
1273,0.8083333333333333,0.5
1274,0.8083333333333333,0.5
1275,0.8083333333333333,0.5
1276,0.8083333333333333,0.5
1277,0.8083333333333333,0.5
1278,0.8069444444444445,0.5
1279,0.8069444444444445,0.5
1280,0.8069444444444445,0.5
1281,0.8069444444444445,0.5
1282,0.8069444444444445,0.5
1283,0.8069444444444445,0.5
1284,0.8055555555555556,0.5
1285,0.8055555555555556,0.5
1286,0.8055555555555556,0.5
1287,0.8055555555555556,0.5
1288,0.8055555555555556,0.5
1289,0.8055555555555556,0.5
1290,0.8055555555555556,0.5
1291,0.8069444444444445,0.5
1292,0.8083333333333333,0.5020833333333333
1293,0.8111111111111111,0.5020833333333333
1294,0.8125,0.5041666666666667
1295,0.8138888888888889,0.5041666666666667
1296,0.8152777777777778,0.5041666666666667
1297,0.8152777777777778,0.5041666666666667
1298,0.8166666666666667,0.5041666666666667
1299,0.8180555555555555,0.5041666666666667
1300,0.8194444444444444,0.5041666666666667
1301,0.8208333333333333,0.5041666666666667
1302,0.8222222222222222,0.5041666666666667
1303,0.8222222222222222,0.5041666666666667
1304,0.8236111111111111,0.5041666666666667
1305,0.8236111111111111,0.5041666666666667
1306,0.8236111111111111,0.5041666666666667
1307,0.8236111111111111,0.5041666666666667
1308,0.8236111111111111,0.5041666666666667
1309,0.8236111111111111,0.5041666666666667
1310,0.8236111111111111,0.50625
1311,0.825,0.50625
1312,0.825,0.50625
1313,0.825,0.50625
1314,0.825,0.50625
1315,0.825,0.50625
1316,0.825,0.50625
1317,0.825,0.50625
1318,0.825,0.50625
1319,0.825,0.50625
1320,0.825,0.50625
1321,0.825,0.50625
1322,0.825,0.50625
1323,0.825,0.50625
1324,0.825,0.50625
1325,0.825,0.50625
1326,0.8236111111111111,0.50625
1327,0.8236111111111111,0.5041666666666667
1328,0.8208333333333333,0.5041666666666667
1329,0.8194444444444444,0.5020833333333333
1330,0.8180555555555555,0.5020833333333333
1331,0.8166666666666667,0.5
1332,0.8152777777777778,0.5
1333,0.8125,0.5
1334,0.8111111111111111,0.5
